﻿;;;;;Apples;;;;;;Bananas;;;;;;Tomatoes;;;;;;Potatoes;;;;;;Flour, white;;;;;;Rice, basmati;;;;;;Milk, full cream;;;;;;Butter;;;;;;Eggs;;;;;;Chicken breasts;;;;;
Timestamp;Email Address;Your name;Grocery store;Grocery store street address;Product 1 quantity (kg);Product 1 price (‚Ç¨);Product 2 quantity (kg);Product 2 price (‚Ç¨);Product 3 quantity (kg);Product 3 price (‚Ç¨);Product 1 quantity (kg);Product 1 price (‚Ç¨);Product 2 quantity (kg);Product 2 price (‚Ç¨);Product 3 quantity (kg);Product 3 price (‚Ç¨);Product 1 quantity (kg);Product 1 price (‚Ç¨);Product 2 quantity (kg);Product 2 price (‚Ç¨);Product 3 quantity (kg);Product 3 price (‚Ç¨);Product 1 quantity (kg);Product 1 price (‚Ç¨);Product 2 quantity (kg);Product 2 price (‚Ç¨);Product 3 quantity (kg);Product 3 price (‚Ç¨);Product 1 quantity (kg);Product 1 price (‚Ç¨);Product 2 quantity (kg);Product 2 price (‚Ç¨);Product 3 quantity (kg);Product 3 price (‚Ç¨);Product 1 quantity (kg);Product 1 price (‚Ç¨);Product 2 quantity (kg);Product 2 price (‚Ç¨);Product 3 quantity (kg);Product 3 price (‚Ç¨);Product 1 quantity (liters);Product 1 price (‚Ç¨);Product 2 quantity (liters);Product 2 price (‚Ç¨);Product 3 quantity (liters);Product 3 price (‚Ç¨);Product 1 quantity (kg);Product 1 price (‚Ç¨);Product 2 quantity (kg);Product 2 price (‚Ç¨);Product 3 quantity (kg);Product 3 price (‚Ç¨);Product 1 quantity (count);Product 1 price (‚Ç¨);Product 2 quantity (count);Product 2 price (‚Ç¨);Product 3 quantity (count);Product 3 price (‚Ç¨);Product 1 quantity (kg);Product 1 price (‚Ç¨);Product 2 quantity (kg);Product 2 price (‚Ç¨);Product 3 quantity (kg);Product 3 price (‚Ç¨)
;;;;;;;;;;;;;;;;;;;;;;;;;;;;;;;;;;;;;;;;;;;;;;;;;;;;;;;;;;;;;;;;
10/28/2019 13:14:59;brian.swanberg@minerva.kgi.edu;Brian Swanberg;ALDI;Rummelsburger Str. 98;0.88;2.2;1;1.88;0.6;1.89;1;1.69;1;0.99;;;0.65;2.29;0.5;1.49;1;1.89;2.5;1.39;5;2.49;2;2.49;1;0.39;;;;;1;1.99;;;;;1;0.99;0.2;0.63;1;0.99;0.25;1.39;0.25;1.59;0.25;2.39;10;1.19;6;1.59;10;1.59;0.6;3.99;1;5.99;;
10/29/2019 14:19:19;emma.stiefel@minerva.kgi.edu;Emma Stiefel;REWE;Karl-Marx-Straße 92-98;1;2.49;1;1.49;1;2.49;1;0.99;1;1.69;1;1.59;0.1;0.69;0.5;2.29;0.35;1.99;3;1.69;1;2.49;1.5;2.29;1;0.39;0.5;0.69;1;0.79;0.25;1.79;0.5;1.99;0.24;2.49;1;1.29;1;1.39;1;0.79;0.25;1.39;0.25;1.39;0.25;2.39;6;1.69;1;0.25;6;1.59;1;13.9;1;9.99;1;9.98
10/29/2019 21:22:30;taha@minerva.kgi.edu;Taha;ALDI;Hermannstraße 72, 12049 Berlin, Germany;1;2.99;1;1.79;0.8;1.89;1;1.15;1;1.69;2;2.99;0.5;1.79;1;1.99;0.5;2.29;2.5;1.39;2;2.65;5;3.99;1;0.39;1;1.49;1;1.39;0.5;1.99;;;;;1;1.05;1;0.71;1;0.99;0.25;2.39;0.25;1.29;0.25;1.29;10;1.59;10;1.19;6;1.59;0.6;3.99;1;5.99;0.35;3.99
10/30/2019 16:20:11;michaelchen@minerva.kgi.edu;Michael Hao Chen;Lidl;Lidl, Leipziger Str. 42;1;1.79;0.75;1.99;0.8;1.89;1;1.09;1;1.69;1;1.19;0.35;2.49;1;1.89;0.5;1.79;1;0.75;2.5;1.39;;;1;0.39;1;0.89;;;0.5;1.49;0.25;1.59;1;1.99;1;1.05;1;1.29;1;1.15;0.25;2.39;0.25;1.59;0.25;1.69;10;1.19;10;1.69;10;2.65;0.6;3.99;0.4;2.79;;
10/30/2019 16:24:57;michaelchen@minerva.kgi.edu;Michael Hao Chen;REWE;REWE, Landsberger Allee 68;0.65;2.49;1;2.19;1;1.49;1;0.99;1;1.89;1;1.59;1;1.99;0.5;1.99;0.5;2.29;3;1.69;1.5;2.29;1;1.49;1;0.79;1;0.39;1;0.79;0.5;2.79;1;1.99;0.5;4.99;0.5;0.95;0.55;0.42;1;0.71;0.25;1.99;0.25;1.39;0.25;2.39;6;1.99;6;2.29;12;1.99;0.41;5.34;0.249;2.49;0.285;8.52
10/31/2019 17:17:34;gelana@minerva.kgi.edu;Gelana Tostaeva;Tesco Express;43-45, Farringdon Rd;1;5.22;1;6.97;;;1;2.03;1;2.28;;;1;3.88;1;1.64;;;1;1.33;1;1.9;;;1;2.44;;;;;1;2.6;1;4.64;;;1;0.87;1;1.02;1;1.22;1;9.98;1;9.75;1;7.43;1;0.31;1;0.17;1;0.2;1;6.21;1;11.61;1;13.69
10/30/2019 23:10:32;jason.liang@minerva.kgi.edu;Jason Liang;ALDI;ALDI, Karl-Marx-Straße 92-98;2;2.49;1;1.79;1;1.15;1;1.15;1;1.69;;;1;1.99;1;2.29;1;2.29;5;2.29;2.5;1.39;;;1;0.39;;;;;1;1.99;;;;;1;0.63;1;0.71;1;0.99;0.25;1.39;0.25;2.19;0.25;2.39;10;1.59;10;1.19;6;1.59;0.6;3.99;1;5.99;;
10/30/2019 23:16:40;jason.liang@minerva.kgi.edu;Jason Liang;Lidl;Lidl, Maybachufer 32-33;5;4.49;2;2.15;2;2.49;1;1.19;1;1.09;1;1.69;0.5;1.99;1;1.99;1;1.89;2.5;1.45;2;1.25;1.5;1.99;1;0.39;1;0.85;;;0.5;1.49;1;1.99;1;1.99;1;1.05;1;0.71;1;0.63;0.25;2.39;0.25;2.19;0.25;1.39;10;1.19;6;0.99;10;1.59;1;5.99;0.6;3.99;0.6;3.99
10/31/2019 14:10:59;erika@minerva.kgi.edu;Erika Sloan;Tesco Express;Tesco Express, 122-128 Pentonville Rd, Islington, London N1 9TT;1.65;1.63;1.65;1.63;1.98;2.3;0.915;1.63;0.183;0.27;;;1;9.25;1;3.52;1;2.43;2;1.63;2;1.45;0.7;2.03;1;1.8;1.5;2.56;5;3.84;10;14.06;5;11.51;5;12.78;1.13;0.99;2;2.44;2.272;1.28;0.25;1.86;0.25;2.5;0.25;2.44;6;1.05;6;1.86;6;2.03;0.3;1.86;0.58;3.6;1;3.72
10/31/2019 14:15:47;erika@minerva.kgi.edu;Erika Sloan;Tesco Express;Tesco Express, 2 Ecclesbourne Rd, Islington, London N1 3DG;1.98;3.49;1.65;1.63;1.65;1.63;0.915;1.63;0.183;0.29;;;0.35;1.34;0.22;2.03;0.36;0.69;2;1.63;2;1.45;0.7;2.03;1;1.8;;;;;5;11.51;5;12.78;10;14.06;2;2.44;1.13;0.99;2.272;1.28;0.25;1.86;0.25;2.5;0.25;2.44;6;1.22;6;2.03;6;1.86;0.58;3.6;0.3;1.86;0.38;3.2
10/31/2019 13:37:01;emma.stiefel@minerva.kgi.edu;Emma Stiefel;EDEKA;EDEKA, Grunerstraße 20;1;2.49;1;2.49;1;1.99;1;1.99;1;1.99;1;1.99;0.25;1.99;0.4;1.69;0.5;1.99;2.5;1.99;2.5;1.99;1.5;1.99;1;0.39;1;0.99;0.5;0.69;0.5;2.99;0.5;2.99;0.5;2.29;1;1.29;1;0.95;1;1.19;0.25;1.59;0.25;2.39;0.25;2.19;4;1.99;10;3.99;6;2.89;1;29.9;1;4.9;1;6.65
10/31/2019 17:25:31;gelana@minerva.kgi.edu;Gelana Tostaeva;Waitrose & Partners;168-176, Edgware Rd;1;2.55;1;2.9;1;2.32;1;1;1;0.92;1;2.21;1;10.06;1;8.71;1;5.15;1;0.72;1;1.04;1;1.39;1;0.89;1;0.84;1;1.38;1;2.46;1;4.88;1;4.06;1;0.91;1;0.59;1;0.51;1;7.43;1;6.97;1;8.36;1;0.26;1;0.3;1;0.19;1;9.17;1;11.32;1;16.25
10/31/2019 18:15:38;evan@minerva.kgi.edu;Evan Buckman;Tesco Express;87 Upper Clapton Rd, Upper Clapton, London E5 9BU;3.2;1.4;3.2;1.15;3;3;0.4;0.25;2;1.4;;;0.3;0.85;1;9.75;0.36;0.59;1.75;2.3;1;1.15;;;1;1.95;;;;;5;9.9;5;11;10;12.1;2.272;1.1;2;2.1;;;0.25;1.6;0.25;2.15;0.25;1.8;10;1.75;6;0.8;6;1.05;0.45;2.65;0.32;1.9;1.4;3.2
11/1/2019 2:25:25;vu@minerva.kgi.edu;Vu Chu-Le;Safeway;2020 Market St. San Francisco;0.45;2.05;1.35;3.67;0.45;2.59;0.45;0.8;0.28;2.11;0.45;2.05;0.45;3.04;0.45;2.05;0.45;4.11;0.45;0.89;2.25;3.04;2.25;5.29;2.25;2.68;2.25;2.23;0.9;3.04;0.9;5.73;0.9;8.15;2.25;8.95;3.78;3.85;3.78;4.47;1.9;2.41;0.45;4.11;0.45;4.11;0.45;3.76;18;4.11;12;4.92;12;4.47;1.35;10.73;6.75;4.02;1.125;12.08
11/1/2019 2:33:19;gaber@minerva.kgi.edu;Mohamed Gaber;Lidl;Lidl, Sonnenallee 192;1;2.45;1;1.95;1;3.25;1;1.95;1;2;;;2;2.5;1;0.99;;;1;0.87;3;4.5;;;2.5;5.5;;;;;1;5.6;;;;;1.5;1.78;;;;;1;2;;;;;10;2;;;;;1;2.75;1;2.95;;
11/1/2019 2:35:34;gaber@minerva.kgi.edu;Mohamed Gaber;Lidl;Lidl, Charlottenstraße 2;1;3;;;;;1;3;;;;;1;2;;;;;1;1.5;;;;;1;1;;;;;1;4;;;;;1;2.5;;;;;1;5;;;;;20;3;;;;;1;2.8;;;;
11/1/2019 7:16:43;jingren.wang@minerva.kgi.edu;Jingren Wang ;Safeway;645 San Antonio Rd, Mountain View, CA 94040;1;4.94;1;3.95;1;3.95;1;1.57;1;1.96;;;1;9.9;1;6.92;1;5.93;1;9.9;1;11.88;1;5.93;2.267;4.47;2.267;6.26;;;0.907;4.47;2.268;11.64;0.907;4.92;1.89;4.47;1.89;5.1;1.89;4.47;0.454;1.16;1.28;6.26;0.227;3.57;12;4.92;12;4.92;12;7.16;1.9;14.98;1.546;16.77;0.667;9.86
11/1/2019 7:32:09;jingren.wang@minerva.kgi.edu;Jingren Wang;Safeway;2811 Middlefield Rd, Palo Alto, CA 94306;0.454;1.78;0.454;2.23;0.454;1.78;0.454;0.71;0.454;0.89;;;0.454;3.57;0.454;2.68;0.454;1.78;2.268;4.48;0.68;3.57;2.268;1.6;2.267;2.68;2.267;6.26;2.267;4.47;0.241;2.68;0.907;5.37;0.907;7.16;1.89;2.41;1.74;4.47;1.54;4.47;0.227;3.31;0.425;4.47;0.369;3.57;12;4.47;18;3.57;18;4.47;0.454;3.13;0.68;12.07;0.807;14.33
11/1/2019 8:12:12;vu@minerva.kgi.edu;Vu Chu-Le;Safeway;2300 16th St, San Francisco;0.45;1.69;0.9;5.1;0.9;4.11;0.45;0.98;0.45;2.05;0.45;0.8;0.45;2.05;0.45;4.11;0.28;2.05;2.25;5.29;4.5;5.1;2.25;5.29;2.25;5.1;0.9;3.04;4.5;5.73;0.9;5.1;0.9;6.18;4.5;19.17;3.78;5.1;3.78;5.73;3.78;3.85;0.45;3.76;0.45;4.02;0.225;2.24;60;12.27;12;3.04;18;4.11;1.13;7.82;1.36;10.73;0.68;4.02
11/1/2019 9:59:42;brian.swanberg@minerva.kgi.edu;Brian Swanberg;Lidl;Hermannstraße 55;2;2.49;1;1.59;1;1.89;1;1.69;1;1.19;1;1.09;0.75;1.19;0.5;1.99;1;2.49;2.5;1.45;2;1.25;1.5;1.99;1;1.75;1;1.39;;;4.5;6.99;1;1.99;0.5;1.49;1;0.71;1;1.05;1;0.99;0.25;1.99;0.25;2.39;0.1;0.85;10;2.65;10;1.59;10;1.19;0.6;2.99;;;;
11/1/2019 10:03:54;nhat.pham@minerva.kgi.edu;Nhat Pham;EDEKA;EDEKA, Frankfurter Allee 35-37;1;2.49;1;2.49;1;2.49;0.25;0.99;1;1.79;1;0.88;0.5;1.89;0.06;1.99;1;2.99;1.5;1.99;2.5;2.19;2.5;2.99;1;1.49;;;;;0.5;1.69;0.5;2.49;1;2.79;0.75;1.38;1;1.49;1;1.29;0.25;0.39;0.25;0.45;0.25;2.39;6;2.49;6;1.39;;;1;6.65;1;5.72;0.5;6.45
11/1/2019 11:35:00;berfin@minerva.kgi.edu;Berfin ;ALDI;ALDI Berlin kreuzberg Straße 39;1;2.99;1;1.79;1;2.29;1;1.15;1;1.69;;;1;6.3;1;2.8;1;2.38;5;2.99;2;2.59;2.5;1.39;1;0.39;;;;;1;1.99;;;;;1;1.05;1;0.95;1;0.63;0.25;2.39;0.25;1.59;0.25;1.39;10;1.59;10;1.19;6;1.59;0.6;3.99;0.4;2.99;0.4;2.79
11/1/2019 12:29:31;berfin@minerva.kgi.edu;Berfin Karaman ;ALDI;Eisenbahnstrasse 42;0.6;1.95;2;2.29;1;1.39;1;1.69;1;1.15;;;1;1.99;0.5;1.19;0.5;2.29;2.5;1.45;2.5;1.39;;;1;0.39;;;;;0.5;0.49;;;;;1;0.71;1;0.99;;;0.25;1.59;0.25;1.39;0.25;2.49;10;1.59;10;1.19;6;1.59;0.35;2.99;0.6;3.99;1;5.99
11/1/2019 13:08:28;dennis@minerva.kgi.edu;Dennis Kageni;Lidl;Prenzlauer Allee 44, 10405 Berlin, Germany;0.7;2.29;1;1.99;0.8;1.89;1;1.09;1;1.19;;;1;1.29;1;1.19;;;1;1.45;1;1.25;1;1.49;1;0.39;;;;;0.5;1.99;0.25;1.59;1;1.99;1;0.71;1;0.63;1;0.99;0.25;1.69;0.25;1.59;0.25;2.19;6;0.99;10;1.59;10;2.65;1;5.86;0.4;3.19;;
11/1/2019 13:42:16;dennis@minerva.kgi.edu;Dennis Kageni;Lidl;Friedenstraße 94A, 10249 Berlin, Germany;2;2.49;0.7;2.29;1;1.99;1;1.09;1;1.69;1;1.19;0.75;1.19;0.55;1.49;0.35;2.49;1.5;1.99;2;1.25;2.5;1.45;1;0.99;1;0.79;;;1;1.99;0.5;1.18;;;1;0.63;1;0.71;1;0.99;0.25;0.49;0.25;0.69;0.5;1.19;10;1.19;10;2.65;6;0.99;0.8;4.69;0.6;2.99;;
11/1/2019 13:48:20;taha@minerva.kgi.edu;Taha;EDEKA;Rigaer Str. 44, 10247 Berlin, Germany;1;2.19;1;2.49;2;2.69;1;1.09;1;1.99;;;0.5;1.49;1;2.99;0.4;2.99;2.5;1.99;1;1.49;1.5;2.99;1;0.89;1;1.69;1;1.59;0.5;2.99;1;1.99;;;1;1.05;1;1.39;1;0.95;0.25;2.29;0.25;1.29;0.25;2.29;10;3.99;10;1.99;10;2.49;0.6;3.99;0.392;5.09;0.4;2.79
11/1/2019 14:36:40;msibanda@minerva.kgi.edu;Mandla;Waitrose;Whitecross St, London EC1Y 8NX;1;1.85;1;2.85;1;1.75;1;0.86;1;1;1;1.79;1;4.44;1;8.62;1;2.9;1;0.63;1;4.5;1;2.52;1;2.07;1;1.5;1;1.99;1;4;1;5.05;1;4.33;1;1.05;2.272;1.85;1;1.1;1;8;1;7.6;1;8;1;0.36;1;0.4;1;0.45;1;7.25;1;8.79;1;13.33
11/1/2019 15:59:00;vy@minerva.kgi.edu;Vy Tran;Lotte Mart;Lotte Mart Seoul Station;1.5;5.36;1.2;9.07;1;6.76;1.2;3.06;1;3.06;1;3;0.75;6.9;1;6.13;1;5.36;0.9;1.52;;;;;1;0.87;0.9;2.11;1;1.48;10;31.35;10;29.2;10;25.2;1;1.95;0.93;1.45;0.9;1.94;0.125;6.07;0.2;6.15;0.25;7.68;12;3.21;12;2.9;12;3.06;0.3;3.53;0.3;4.53;0.3;4
11/1/2019 16:37:38;bella@minerva.kgi.edu;Bella;EDEKA;Chausseestraße 43, 10115 Berlin, Germany;1;3.62;1;2.49;1;1.89;1;1.99;1;1.99;;;1;1.99;1;4.99;1;0.8;1;1.99;1;3.06;1;0.8;1;0.39;1;0.99;1;0.69;0.1;1;1;5.98;1;5.98;1;1.29;1;1.15;1;1.19;1;8.73;0.1;1;0.1;0.8;6;1.79;1;2.49;1;2.99;1;12.99;1;6.98;1;11.9
11/1/2019 16:57:41;asmaa.ali@minerva.kgi.edu;Asmaa Aly;EDEKA;EDEKA Jessnerstraße 47-55, 10247 Berlin;1;3.05;1;2.49;1;3.36;1;1.9;1;2.2;1;0.99;0.5;1.84;1;3.36;1;5.37;1;1.36;1;1.24;1;1.12;1;1.09;1;1.29;1;1.59;1;4.98;1;4.49;1;3.79;1;1.39;1;1.29;1;1.39;0.25;2.69;0.25;2.39;0.25;2.15;6;2.25;10;2.59;6;2.99;1;8.18;1;9.11;1;9.99
11/1/2019 17:21:50;bella@minerva.kgi.edu;Bella;Lidl;Greifswalder Str. 33a, 10405 Berlin, Germany;1;1.25;1;3.37;0.8;1.89;1;1.19;1;1.09;1;1.69;1;7.11;1;3.68;1;3.98;1;1.98;2.5;1.45;2;1.25;1;0.39;1;0.89;;;1;1.99;;;;;1;1.05;1;0.71;1;1.11;0.1;0.88;0.1;0.56;0.1;0.52;10;1.19;10;2.65;6;0.99;1;6.24;1;5.86;1;4.98
11/1/2019 17:42:41;armin.hamp@minerva.kgi.edu;Armin Hamp;REWE;Wrangelstraße 53, 10997 Berlin, Germany;1;2.49;1;1.49;1;2.19;1;1.89;1;0.99;1;1.69;1;1.99;1;3.83;0.25;0.69;2.5;1.99;1.5;2.29;2.5;1.99;1;0.39;1;0.79;1;0.69;0.5;1.99;1;1.99;0.4;1.59;1;0.99;1;1.39;1;0.85;0.25;0.85;0.25;1.25;0.25;2.49;10;3.49;6;2.89;6;1.99;1;6.99;0.4;3.99;;
11/1/2019 18:15:44;armin.hamp@minerva.kgi.edu;Armin Hamp;REWE;Kiefholzstraße 50, 12435 Berlin;2;3.99;1;2.49;1;1.49;1;1.69;1;0.89;1;1.45;0.4;2.49;1;4.99;0.25;0.99;5;3.15;1;1.49;1.5;2.29;1;0.59;1;0.55;1;1.19;4;5.99;0.5;2.15;0.6;1.99;1;0.89;1;0.99;1;1.39;0.25;0.79;0.25;1.59;0.4;2.99;10;1.99;10;4.39;10;2.49;1;7.39;0.4;3.29;1;6.99
11/1/2019 18:55:11;khoi.pham@minerva.kgi.edu;Khoi Pham;EDEKA;Annenstraße 4A;0.6;2.49;1;1.89;2;2.69;1;1.99;1;1.09;1;1.99;0.1;1.99;1;2.99;0.5;3.49;1;1.99;1;1.99;2.5;1.99;1;0.69;1;0.99;1;0.89;0.5;2.99;0.5;2.99;0.5;2.99;1;0.88;1;0.99;1;1.59;0.5;1.79;0.25;2.39;0.25;1.59;10;2.29;6;1.39;1;0.45;0.6;3.99;0.308;4.92;;
11/1/2019 18:58:41;khoi.pham@minerva.kgi.edu;Khoi Pham;ALDI;Karl-Marx-Straße 231;1;2.99;1;2.69;1;1.39;1;1.15;1;1.69;;;0.65;2.29;1;1.99;0.5;1.19;2.5;1.39;5;2.99;;;1;1.39;1;0.39;;;1;1.99;1;1.99;;;1;0.95;1;0.99;1;0.63;0.25;2.29;0.25;2.39;0.25;1.39;6;1.39;10;1.59;10;1.19;1;5.99;0.35;2.99;;
11/1/2019 19:05:53;yanal.marji@minerva.kgi.edu;Yanal;ALDI;Frankfurter Allee 117;1;1.39;2;2.29;1;1.79;1;1.15;1;1.69;;;1;1.99;0.65;2.29;0.5;2.29;2.5;1.39;2;2.65;2.5;1.99;1;0.39;1;1.75;1;1.39;1;1.99;;;;;1;0.99;1;0.99;1;0.71;0.25;2.29;0.25;2.19;0.25;1.59;6;1.59;10;1.69;10;1.19;0.6;3.99;1;5.99;;
11/1/2019 19:10:00;oscar.engelbrektson@minerva.kgi.edu;Oscar Engelbrektson;ALDI;Kiefholzstraße 49;1;2.86;1;1.49;1;1.79;1;1.69;1;0.99;;;1;2.98;1;3.52;1;4.98;1;0.99;1;0.56;1;1.25;1;0.39;;;;;1;1.99;;;;;1;1.05;1;0.99;1;0.71;1;8.8;1;5.2;1;9.2;1;0.27;1;0.16;1;0.2;1;5.99;1;6.65;;
11/1/2019 19:10:55;yanal.marji@minerva.kgi.edu;Yanal;ALDI;Landsberger Allee 277;1;2.69;1;1.89;1;1.79;1;1.15;1;1.69;;;0.65;2.29;0.5;1.79;1;1.99;1;0.99;2;2.65;2.5;1.45;1;0.39;1;1.39;1;1.75;1;1.99;;;;;1;0.99;1;1.05;1;0.63;0.25;2.29;0.25;1.59;0.25;1.39;6;1.59;10;1.69;10;1.59;0.6;3.99;1;5.99;;
11/1/2019 19:39:20;michelle.hackl@minerva.kgi.edu;Michelle Hackl;Tesco;100 East Rd, Hoxton, London N1 6AA;1;4.69;0.1;0.69;0.1;0.27;0.12;0.29;0.12;0.29;0.12;0.32;1;1.9;1;3.29;1;9.22;2;1.45;1;1.33;1;0.81;1;2.26;;;;;1;2.29;1;2.55;1;1.4;1;0.56;1;1.02;1;1.22;1;7.41;1;8.34;1;9.73;1;0.2;1;0.34;1;0.17;1;6.2;1;6.82;1;18.24
11/1/2019 19:43:38;ayoola@minerva.kgi.edu;Ayo;REWE;REWE, Skalitzer Str. 134;1;2.49;1;2.49;1;1.39;1;0.99;0.25;0.99;1;1.59;1;2.49;0.25;1.79;0.25;1.59;2.5;1.99;1;2.49;1;0.99;1;0.39;1;0.79;0.1;2.23;;1.18;1;1.19;1;0.99;1;1.29;1;1.99;1;1.49;0.1;0.2;0.1;0.64;0.1;0.8;4;0.99;4;1.69;10;1.99;0.467;4.67;0.535;5.34;0.581;5.8
11/1/2019 19:50:17;ahmed@minerva.kgi.edu;Ahmed;EDEKA;Kottbusser Damm 80, 10967 Berlin;1;2.49;1;2.49;1;1.66;1;5.2;1;2.99;1;1.09;1;8;1;4.98;1;8;1;2.49;1;0.8;1;2.49;1;0.99;1;1.79;1;1.98;0.25;1.79;0.5;1.39;0.5;2.99;1;0.63;1;0.71;1;0.99;0.5;0.75;0.5;0.69;0.5;1.79;10;1.59;10;1.19;6;1.49;1;9.99;1;8.99;;
11/1/2019 19:50:21;michelle.hackl@minerva.kgi.edu;Michelle Hackl;Waitrose & Partners;The Brunswick Centre, 23-39 Handel Str.;0.1;0.55;0.1;0.33;0.1;0.64;0.12;0.21;1;1;0.12;0.35;1;12.36;1;3.01;1;3.46;1;2.32;1;2.66;0.7;2.72;1;0.71;1;1.25;1;1.09;1;2.46;1;2.08;1;4.63;1;1.61;1;0.91;1;0.59;1;8.34;1;8.57;1;7.41;1;0.26;1;0.45;1;0.62;1;6.23;1;9.24;1;6.03
11/1/2019 19:56:16;hoang.tran@minerva.kgi.edu;Hoang Tran;REWE;REWE, Invalidenstraße 158;1;2.49;1;2.79;1;3.29;1;1.99;1;0.99;1;1.49;1;2.19;1;4.58;1;5.69;1;4.6;1;2.4;1;0.56;1;0.79;1;1.39;1;1.38;1;0.99;1;1.18;1;1.99;1;0.99;1;1.09;1;0.71;1;5.6;1;5;1;4.6;6;1.29;6;1.69;6;1.59;1;9.99;1;10.99;1;13.9
11/1/2019 20:02:25;oscar.engelbrektson@minerva.kgi.edu;Oscar Engelbrektson;Lidl;Luisenstraße 52;1;1.8;1;1.25;1;3.27;1;1.09;1;1.19;1;1.69;1;2.89;1;3.68;1;5.3;1;1.33;1;0.58;1;0.63;1;0.39;;;;;1;1.99;1;2.98;;;1;0.71;1;1.05;1;0.99;1;7.2;1;6.4;1;9.6;1;0.159;1;0.189;1;0.154;1;6.98;1;5.99;1;4.98
11/1/2019 20:04:15;ayoola@minerva.kgi.edu;Ayo;ALDI;ALDI, Josef-Orlopp-Straße 22-24;1;1.5;1;1.69;1;2.2;1;1.09;1;1.69;1;1.19;0.1;0.64;0.1;0.73;1;3.33;1;3.98;1;2.98;;;1;0.39;;;;;1;1.99;1;1.19;1;1.99;0.1;0.56;0.1;0.88;0.1;0.95;0.25;0.49;;;;;10;1.59;10;2.65;;;0.4;2.79;1;5.44;1;5.86
11/1/2019 20:05:45;hoang.tran@minerva.kgi.edu;Hoang Tran;ALDI;ALDI, Hauptstraße 36;1;1.25;1;2.72;1;1.79;1;1.69;1;1.15;1;1.99;1;2.58;1;3.98;1;3.83;1;0.58;1;0.6;1;1.49;1;1.39;1;1.75;;;1;1.99;1;4.46;1;1.89;1;0.99;1;0.71;1;0.63;1;6;1;8.5;1;7.2;10;1.59;10;1.69;6;1.65;1;6.98;1;7.48;1;7.48
11/1/2019 20:06:16;henrybiko2016@minerva.kgi.edu;Henry Biko;Lidl;Lidl, Glasower Str. 42, 12051 Berlin;1;1.59;1;1.89;1;2.15;1;1.09;1;0.99;1;1.2;1;1.49;1;1.99;1;1.69;2.5;1.99;2.5;2.05;2.5;2.49;1;0.99;1;1.18;1;1.99;1;1.99;1;1.59;1;1.39;1;2.19;1;1.59;1;2.29;0.225;1.39;0.225;2.49;0.225;2.49;6;1.89;6;2.29;6;2.1;0.4;2.99;0.4;2.79;0.6;3.99
11/1/2019 20:29:10;henrybiko2016@minerva.kgi.edu;Henry Biko;REWE;Friedrichstraße 60, 10117 Berlin;1;2.49;1.25;2.69;1;2.49;1;0.99;1;0.99;1;1.25;0.3;1.49;0.4;2.29;0.2;0.69;1.5;2.29;1.5;2.49;2.5;1.99;1;0.39;1;0.79;1;1.39;1;0.99;1;1.19;1;1.99;1;1.89;1;1.89;1;1.99;0.25;0.49;0.25;1.39;0.25;1.59;6;1.99;6;2.29;4;0.99;0.294;2.06;0.321;2.24;0.4;3.99
11/1/2019 21:08:02;nikesh@minerva.kgi.edu;Nikesh Shrestha;SAINSBURY'S;Sainsbury's, 15-17 Tottenham Court Rd, Fitzrovia, London W1T 1BJ;0.145;2.494;0.145;1.392;0.185;1.856;1.464;1.682;1.464;1.45;0.183;0.29;1;7.656;1;2.03;1;8.3752;1.25;1.16;1;1.392;0.75;1.392;1.5;0.986;1.5;1.276;1.5;2.552;1;2.03;1;4.64;0.5;1.334;1.136;0.986;3.408;1.74;2;1.856;1;10.208;1;7.888;1;9.976;12;2.436;6;2.9;6;2.32;0.3;2.146;1;6.728;0.347;4.5472
11/1/2019 21:15:15;nikesh@minerva.kgi.edu;Nikesh Shrestha;SAINSBURY'S;Sainsbury's, 31-41 Liverpool Rd, The Angel, London N1 0RW;0.145;2.494;0.145;1.74;0.185;2.552;1.464;1.45;0.915;1.45;1.464;1.624;1;2.03;0.44;2.088;0.25;1.856;0.5;1.16;1.25;1.16;1;1.392;1.5;0.986;1.5;1.276;1.5;0.986;1;2.03;0.25;0.812;0.5;2.436;1.136;0.986;2;1.856;1.136;1.392;0.25;1.972;0.25;2.552;0.25;2.32;6;2.9;6;1.276;6;2.204;0.3;2.146;0.484;4.4312;0.322;7.83
11/1/2019 21:27:44;oscar.flores@minerva.kgi.edu;Oscar Flores;EDEKA;EDEKA, Bayreuther Str. 8;1;2.25;1;1.3;1;2.49;1;1.99;1;1.05;;;1;3;;;;;1;0.7;1;0.8;1;2;1;1.38;1;0.99;1;1.75;1;5;1;7.2;;;1;0.95;1;1.5;1;0.9;0.5;0.89;0.5;0.75;0.5;6;10;2;10;4;6;2.5;1;13;1;14;1;30
11/1/2019 21:37:44;oscar.flores@minerva.kgi.edu;Oscar Flores;Lidl;Kiefholzstraße 386;1;1.89;1;2.29;1;2.5;1;1.19;1;1.69;1;1.09;1;1.99;1;1.89;1;3.98;1;0.6;1;1.33;1;1.49;1;0.39;;;;;1;1.99;1;1.99;;;1;1.05;1;1.11;;;0.1;0.99;0.25;1.39;0.2;1.99;10;2.65;10;1.59;10;1.19;1;5.99;0.6;3.99;0.4;2.99
11/1/2019 21:38:38;asmaa.ali@minerva.kgi.edu;Asmaa Aly;EDEKA;EDEKA, Hasenheide 57, 10967 Berlin;1;1.49;1;1.77;1;3.36;1;1.9;0.25;1.26;1;1.78;1;3.68;0.25;2.16;1;7.28;1;1.36;1;1.66;1;1.21;1;1.09;1;1.29;1;1.59;1;4.48;1;6;1;2.58;1;1.29;1;2.5;1;1.39;0.25;2.99;0.4;3.49;0.25;3.19;6;1.53;6;1.29;6;1.45;1;6.2;1;9.99;1;7.8
11/1/2019 21:46:45;erkin.polat@minerva.kgi.edu;Erkin Polat;EDEKA;EDEKA, Pannierstr. 37 - 38;1;2.49;1;2.49;1;2.49;1;1.09;1;1.99;0.25;0.99;0.4;1.99;1;1.99;1;1.99;2.5;1.99;2.5;1.49;1.5;1.99;1;0.39;1;1.69;1;0.99;1;1.99;0.22;1.79;0.5;2.99;1;1.39;1;0.71;1;1.39;0.25;2.39;0.25;2.29;0.25;3.29;6;2.89;6;2.49;6;1.69;1;6.65;;;;
11/1/2019 21:51:13;erkin.polat@minerva.kgi.edu;Erkin Polat;REWE;REWE, Frankfurter Allee 144;1;2.49;1;1.49;1;2.49;1;1.69;1;0.99;1;1.89;1;1.99;0.5;2.29;0.35;1.99;2.5;1.99;3;1.69;1.5;2.29;1;0.69;1;0.79;1;0.39;0.5;2.89;1;1.99;0.5;1.99;1;0.63;1;1.39;1;0.71;0.25;2.39;0.25;1.39;0.25;1.99;6;1.69;6;1.59;6;2.79;1;9.99;1;6.99;1;9.98
11/1/2019 21:56:20;tom.kremer@minerva.kgi.edu;Tom Kremer;Lidl;Stresemannstraße 72-78;2;3.49;1;2.49;0.5;1.99;1;1.29;1;1.99;1;1.09;0.5;1.99;1;2.49;1;2.49;1;0.99;4;3.49;2;2.49;1;0.49;1;0.69;1;0.79;0.5;1.69;1;1.99;;;1;1.19;2;1.99;1;1.49;0.25;1.59;0.25;2.39;;;6;0.99;10;1.59;10;2.29;1;5.99;0.6;3.99;;
11/1/2019 21:59:15;ivanna.vatamanyuk@minerva.kgi.edu;Ivanna Vatamanyuk;EDEKA;Heidelberger Str. 90;1;2.99;1;3.49;1;2.99;1;1.09;1;1.99;0.25;0.99;1;3.99;0.5;2.49;0.4;2.99;1.5;2.49;2.5;2.99;2.5;2.99;1;0.99;1;0.99;1;0.39;0.5;3.99;1;4.49;0.5;2.99;1;0.71;1;1.05;1;1.69;0.25;3.29;0.25;3.49;;;10;1.59;10;1.19;6;1.39;0.428;5.95;0.1;1.29;0.443;13.25
11/1/2019 22:03:40;rebecca.mqamelo@minerva.kgi.edu;Rebecca Mqamelo;REWE;REWE, Bartningallee 3;1;1.99;0.25;0.62;0.25;0.62;1;1.69;1;1.59;1;0.99;0.25;0.69;0.5;1.99;0.2;2.49;3;1.69;1;2.49;2.5;1.99;1;0.79;1;0.99;1;3.69;0.5;1.99;1;4.99;0.25;1.79;1;1.09;1;1.39;1;0.99;0.25;2.49;0.25;1.29;0.25;2.39;10;1.99;6;1.99;6;2.29;0.34;3.4;0.35;3.59;0.32;9.57
11/1/2019 22:05:15;tom.kremer@minerva.kgi.edu;Tom Kremer;ALDI;Invalidenstraße 59;1;2.49;2;2.49;1;1.99;1;0.99;1;1.29;;;1;2.49;0.5;1.99;0.5;1.99;2;1.99;5;2.49;1;0.59;1;0.49;1;1.49;;;1;1.49;1;1.99;;;1;0.99;1;1.29;1;0.99;0.25;1.39;0.25;2.39;1;4.99;10;1.59;10;1.19;;;1;6.99;0.6;4.99;;
11/1/2019 22:10:25;rebecca.mqamelo@minerva.kgi.edu;Rebecca Mqamelo;EDEKA;EDEKA, Ritterstraße 38-40;1;2.49;1;2.49;1;1.99;0.25;0.99;1;1.79;1;0.88;0.5;1.89;0.06;1.99;1;2.99;2.5;1.99;1;1.49;1.5;2.99;1;0.89;1;1.69;1;1.59;0.5;2.99;1;1.99;1;2.79;1;1.39;1;1.29;1;1.39;0.25;2.69;0.25;2.39;0.25;2.15;10;2.29;6;1.39;12;3.06;0.6;3.99;0.308;4.92;0.5;6.45
11/1/2019 22:12:49;evan@minerva.kgi.edu;Evan Buckman;Waitrose & Partners ;35-39 The Broadway, Crouch End, London N8 8DU;1;2.9;1;2.55;1;2.32;1;2.19;1;0.9;1;0.94;1;5.42;1;7.91;1;9.86;1;2.72;1;2.46;1;2.55;1;1.25;1;1.09;1;0.71;1;2.65;1;4.55;1;2.1;2.272;1.85;1;1.05;1;1.1;1;7.56;1;8;1;6.98;1;0.26;1;0.4;1;0.33;1;14.75;1;7.15;1;9.81
11/1/2019 23:12:29;msibanda@minerva.kgi.edu;Mandla;Tesco Express;Tesco Express, 1-23 City Rd, Shoreditch, London EC1Y 1AG;1;4.56;1;3.9;1;5;0.12;0.3;0.12;0.29;0.12;0.29;1;2;1;2.2;1;3.2;1;1.35;1;1.2;1;2;1;2.26;1;1.9;1;2.2;1;2.5;1;1.98;1;1.5;1;1.3;1;1.05;;;1;8.6;1;8.34;1;7.41;1;0.2;1;0.17;;;1;7;1;7.5;1;18.24
11/1/2019 23:26:54;mitchell@minerva.kgi.edu;Ebuka;Lidl;Frankfurter Allee 212, 10365 Berlin;1;1.79;0.7;2.29;1;2.49;1;1.19;1;1.69;1;1.09;0.5;1.79;0.5;1.99;1;1.89;;;;;;;0.35;3.15;0.5;2.49;;;1;1.99;0.5;1.49;;;1;0.88;1;0.63;1;0.63;0.1;0.85;0.25;2.19;0.25;2.29;10;1.19;10;1.59;10;2.65;0.5;2.99;0.6;2.99;1;5.99
11/1/2019 23:32:44;trang.nguyen@minerva.kgi.edu;Trang Nguyen;ALDI;ALDI, Hoeppnerstraße 3-13;1;1.79;0.8;2.39;1;2.69;1;1.15;;;;;0.4;1.79;1;1.99;0.5;2.29;5;2.99;2;1.19;2.5;1.45;1;0.75;1;0.39;1;1.39;1;1.99;;;;;1;0.95;1;0.71;1;0.99;0.25;1.45;;;;;6;1.59;10;1.59;10;1.19;0.4;2.79;0.5;3.99;0.3;2.99
11/1/2019 23:36:21;mitchell@minerva.kgi.edu;Ebuka;REWE;Litfaß-Platz 4, 10178 Berlin;0.65;2.69;1;2.49;1;1.49;1;1.79;1;1.59;1;1.99;1;1.99;;;;;1;1.99;;;;;1;0.39;1;0.79;;;1;1.99;;;;;1;0.63;1;1.29;1;1.19;0.25;2.19;0.0996;1.49;0.25;1.89;10;1.19;6;1.59;6;1.29;0.245;3.18;0.309;4.01;;
11/1/2019 23:40:01;trang.nguyen@minerva.kgi.edu;Trang Nguyen;Lidl;Lidl, Heinrich-Heine-Straße 30;1;1.59;2;2.49;0.7;2.29;1;1.19;1;1.69;;;0.75;1.19;1;1.89;0.3;1.59;2.5;1.45;2;1.25;1;2.49;1;0.39;1;0.75;;;1;1.99;;;;;1;0.99;1;1.05;1;1.29;0.25;2.29;0.25;1.59;0.25;2.39;6;0.99;10;1.59;10;1.69;0.5;4.22;0.5;3.5;0.3;3.12
11/2/2019 9:34:41;tanha.kate@minerva.kgi.edu;Kate Tanha;EDEKA;Frankfurter Allee 105;1;1.35;1;4.15;1;1.66;1;1.99;1;1.09;;;1;5.98;1;2.99;1;3.99;1;1.99;1;0.8;1;1.49;1;0.89;1;1.75;1;1.69;1;5.98;1;7.97;1;4.99;1;0.71;1;1.29;1;0.33;0.1;0.88;0.1;1.2;0.1;0.96;6;2.49;6;2.79;10;3.99;1;2.71;1;6.97;0.522;8.35
11/2/2019 9:42:26;tanha.kate@minerva.kgi.edu;Kate Tanha;EDEKA;Nollendorfplatz 8-9;1;2.49;1;1.69;1;2.99;1;1.09;1;1.99;;;1;2.99;1;1.29;1;2.49;1;0.8;1;0.65;1;1.33;1;1.38;1;0.75;1;1.39;1;3.99;1;5.98;1;7.97;1;0.71;1;1.39;1;1.58;0.1;0.88;0.1;0.8;0.1;0.64;6;1.39;10;1.19;10;1.59;1;2.71;0.632;2.84;0.41;12.26
11/2/2019 12:15:44;frances@minerva.kgi.edu;Frances Pak;Sainsbury's ;40 New Kent Rd, London SE1 6TJ, United Kingdom;1;2.02;;;;;1;0.98;;;;;1;1.85;;;;;1;2.25;;;;;1;1.57;;;;;1;2.77;;;;;1;0.81;1;0.91;;;1;6.93;1;9.25;;;12;2.49;10;3.12;;;1;6.14;;;;
11/2/2019 14:01:10;ivanna.vatamanyuk@minerva.kgi.edu;Ivanna Vatamanyuk;EDEKA;Herrfurthstraße 12, 12049 Berlin, Germany;0.9;1.49;1;2.99;0.55;1.99;1;1.09;1;1.99;;;1;2.99;0.5;1.89;0.5;1.99;1.5;2.49;2.5;1.99;;;1;0.39;1;1.49;1;1.69;0.5;2.29;1;1.99;;;1;1.49;1;0.71;1;1.05;0.125;1.29;0.25;2.19;0.25;3.29;6;1.69;6;2.49;10;1.19;0.36;3.6;0.396;3.96;;
11/2/2019 14:23:35;ahmed@minerva.kgi.edu;Ahmed;REWE;REWE, Potsdamer Straße 128, 10783 Berlin;1;1.49;1;2.49;1;2.99;1;1.89;1;1.99;;;1;4.58;1;2.19;1;5.69;1;0.99;1;0.88;1;0.88;1;1.49;1;0.79;1;0.39;1;7.98;1;3.98;1;5.98;1;0.63;1;0.71;1;1.19;1;5.6;1;6.4;1;7.6;10;1.99;10;2.39;1;0.29;1;9.99;1;14;;
11/2/2019 18:30:09;hanalee@minerva.kgi.edu;Hana Mcmahon-Cole;Sainsbury;31-41 Liverpool Rd, The Angel, London N1 0RW;1;2.14;1;2;1;2.7;1;0.98;1;1.2;1;0.9;1;3.01;1;3.47;1;3.24;2;1.85;1;1.82;1;1.73;1;1.38;1;1.46;1;1.46;1;1.36;1;4.63;1;4.4;1;0.58;1;1.09;1;0.94;1;8.79;1;8.56;1;9.25;1;0.47;1;0.28;1;0.44;1;26.6;1;17.34;1;19.54
11/2/2019 18:37:50;hanalee@minerva.kgi.edu;Hana Mcmahon-Cole;Tesco;14-16 St Martin's Le Grand, London EC2V 6BJ;1;2.07;1;2.12;;;1;0.97;1;0.87;;;1;1.91;1;3.47;;;1;1.33;1;0.81;;;1;2.43;1;2.43;;;1;2.59;;;;;1;0.98;1;1.15;;;1;9.83;1;9.71;1;8.33;6;1.2;6;1.1;;;1;6.81;1;6.17;1;6.17
11/4/2019 13:40:44;michelle@minerva.kgi.edu;Michelle S Lee;EDEKA;EDEKA, Andreasstraße 59;1;2.49;1;2.49;1;3.09;1;0.99;1;1.79;1;1.99;1;2.49;1;2.99;1;3.99;1;1.49;1;2.39;1;2.99;1;0.99;1;1.75;;;0.5;1.49;0.5;2.99;0.5;2.99;1;0.71;1;1.29;1;1.39;0.25;0.39;0.25;2.99;0.1;0.69;6;1.39;6;1.69;10;1.59;1;6.65;1;9.99;;
11/4/2019 13:51:20;michelle@minerva.kgi.edu;Michelle;EDEKA;Budapester Str. 38-50;1;2.49;1;2.99;1;3.33;1;1.09;1;1.99;;;1;2.99;1;3.99;1;4.99;1;1.99;1;2.99;1;3.49;1;0.99;1;1.49;1;1.99;1;4.49;1;7.97;;;1;0.65;1;0.99;1;1.49;0.1;0.89;0.1;0.99;0.5;0.75;6;2.49;6;2.89;10;3.99;1;9.99;1;14.99;1;16.99
11/4/2019 20:59:49;ziquan@minerva.kgi.edu;Ziquan Fu;EDEKA;EDEKA, Straßburger Str. 9a-b;1;2.99;1;2.49;;;1;1.99;;;;;1;3.98;1;2.99;1;4.99;1;1.99;1;0.8;1;1;1;0.89;1;1.99;1;1.38;1;5.89;1;4.99;1;1.99;1;2.65;1;1.39;1;1.29;1;6.8;1;6.6;1;12.9;6;2.49;6;1.69;6;1.89;1;7.49;1;13.9;1;9.49
11/4/2019 21:31:26;sara.merner@minerva.kgi.edu;Sara Merner;Sainsbury‚Äôs ;Sainsbury's, 38 Stratton St, Mayfair, London W1J 8LT;1;1.2;1;2.15;1;2.2;1;1.4;1;1.25;1;75;1;4.09;2;7.22;1;2.69;1;2;1;0.8;3;0.87;1;0.57;1;0.73;1;0.57;1;2.8;2;2.8;1;2.3;1;0.88;2;1.06;3;0.75;1;8.8;1;6.8;1;8;1;0.18;1;0.32;1;0.2;0.1;1.6;0.1;1.72;0.1;1.34
11/4/2019 22:12:42;sangjin.kim@minerva.kgi.edu;Sanny ;ALDI;Kaiser-Wilhelm-Platz 2;1;1.25;1;2.72;1;2.99;1;1.69;1;1.15;;;1;3.38;1;1.99;1;3.68;1;1.33;1;0.58;1;0.99;1;1.75;1;1.39;;;1;1.99;;;;;1;0.71;1;0.99;1;1.05;0.2;1.39;0.2;1.59;0.2;2.19;1;0.12;1;0.16;1;0.27;1;6.98;1;7.48;1;8.54
11/4/2019 22:16:31;sangjin.kim@minerva.kgi.edu;Sanny;EDEKA;Fischerinsel 12;1;2.49;1;1.77;1;1.99;1;1.49;1;1.99;;;1;2.99;1;2.98;1;4.98;1;1.99;1;2.29;1;2.99;1;1.49;1;1.39;1;1.99;1;3.98;1;4.48;1;1.98;1;0.71;1;1.39;1;1.29;0.2;2.19;0.2;1.39;0.2;1.79;1;0.25;1;0.39;1;0.16;1;6.65;1;12.99;;
11/5/2019 0:03:09;ziquan@minerva.kgi.edu;Ziquan Fu;EDEKA;EDEKA, Eckertstraße 7 - 11;1;2.49;1;2.99;;;1;1.99;1;0.99;;;1;2.99;1;3.99;;;1;1.99;1;2.39;;;1;0.99;1;1.39;;;1;3.99;1;2.99;;;1;1.39;1;1.89;;;1;6.9;;;;;12;2.49;12;1.89;12;1.49;1;6.65;1;8.69;;
11/5/2019 11:46:56;barbara.costa@minerva.kgi.edu;Barbara;Tesco Express;231-232 Strand, Temple, London WC2R 1DA;0.1;0.52;0.1;0.69;;;0.12;0.29;0.12;0.32;;;0.3;1.16;0.36;0.68;;;2;1.62;1;0.81;1;1.27;1;2.43;1;2.43;;;0.5;1.3;;;;;1.9;1.27;2;2.43;1.9;1.97;0.25;2.08;0.25;2.43;0.25;2.49;6;1.22;6;1.85;;;0.45;3.07;0.3;1.85;;
11/5/2019 11:56:21;barbara.costa@minerva.kgi.edu;Barbara;Waitrose & Partners Islington;21 Liverpool Rd, The Angel, London N1 9EN;1;2.55;1;2.9;1;2.32;1;1;1;0.92;1;2.21;1;10.06;1;8.71;1;5.15;1;0.72;1;1.04;1;1.39;1;0.89;1;0.84;1;1.38;1;2.46;1;4.88;1;4.06;1;0.91;1;0.59;1;0.51;0.25;1.85;0.25;1.51;0.25;2.09;6;1.8;6;1.14;6;1.56;0.45;4.12;0.3;3.4;0.3;4.8
11/5/2019 12:54:51;sara.merner@minerva.kgi.edu;Sara Merner;Tesco ;Tesco Express, 1 Brewhouse Yard, Clerkenwell, London;1;3.65;1;1.79;1;1.83;1;0.84;1;0.9;1;2;1;1.93;1;2.78;1;6.82;1;0.55;1;0.6;1;1.15;1;1.35;1;0.8;1;1.9;1;2.4;1;4.75;1;6.36;1;0.48;1;0.93;1;0.93;1;6;1;6.4;1;5.5;1;0.42;1;0.25;1;0.3;1;5.85;1;5.86;1;9.75
11/5/2019 21:32:38;frances@minerva.kgi.edu;Frances Pak;Tesco Express;131 Aldersgate St, Barbican, London;1;3.74;1;1.99;;;1;2.03;;;;;1;3.53;1;1.91;;;1;1.63;1;0.82;1;0.73;1;2.45;1;2.45;;;1;2.61;;;;;1;0.85;1;1.22;;;1;7.45;1;8.38;1;9.78;1;0.17;1;0.31;1;0.2;1;2.88;;;;
11/7/2019 13:15:02;fengnian.tey@minerva.kgi.edu;Steven Tey;REWE;REWE, Sch√∂nhauser Allee 36-39;2;1.99;1;1.29;1;1.49;0.5;0.99;0.8;1.29;0.7;1.09;1;1.99;1.5;2.49;1.2;2.29;5;1.49;2;1.29;1;0.99;1;0.99;1;0.89;1;1.19;5;10.99;2;4.99;1;2.99;1;0.89;1;1.19;1;1.49;0.25;1.49;0.25;2.29;0.25;1.99;10;1.49;10;1.19;10;1.99;0.5;2.99;0.6;3.49;0.5;3.29
11/7/2019 18:27:53;fengnian.tey@minerva.kgi.edu;Steven Tey;ALDI;ALDI, Frankfurter Allee 144;2;1.79;1;1.29;1;0.99;0.5;1.49;0.8;1.79;0.4;1.29;0.5;1;0.8;1.2;0.6;1.15;2;1.99;5;2.49;1;1.49;1;1.79;0.5;0.99;2;2.29;5;4.49;1;1.99;1;2.29;1;0.79;1;1.29;1;1.49;0.5;2.99;0.5;1.99;0.5;1.49;10;1.29;10;1.09;10;1.49;0.6;3.99;0.4;2.99;0.5;3.29
11/8/2019 17:40:52;quang.tran@minerva.kgi.edu;Quang Tran;ALDI;ALDI, Gerichtstra√üe 2-3;2;2.49;0.6;1.99;1;0.99;1;1.15;;;;;1;1.99;0.5;1.69;1;6.63;2;2.65;1;1.49;1;0.58;1;1.39;1;1.75;1;0.39;1;1.99;1;1.99;1;0.99;1;0.27;1;1.44;1;0.65;0.1;0.56;0.1;0.56;0.1;0.92;1;0.16;1;0.12;1;0.27;;;;;;
11/8/2019 17:44:38;quang.tran@minerva.kgi.edu;Quang Tran;Lidl;Lidl, Zeughofstra√üe 23 A;1;1;1;1.49;1;2.19;1;1.09;1;1.69;;;1;2.49;1;1.99;1;3.38;1;0.65;1;0.65;1;0.64;1;1.39;1;0.89;1;0.75;1;1.99;1;1.99;1;3.98;1;0.65;1;0.73;1;0.99;1;4.98;1;4.98;1;6.3;10;2.65;10;1.19;18;1.89;1;6.48;1;5.99;1;7.59
11/8/2019 19:52:09;vunguyen@minerva.kgi.edu;Vu Luong;ALDI;Berolinastrasse 7;1;2.99;3;2.49;1;2.19;1;1.69;;;;;1;1.99;0.65;2.39;0.5;2.29;1;1.49;2.5;1.45;2;2.65;1;0.39;;;;;1;1.99;;;;;1;0.73;1;0.99;;;0.25;1.59;0.1;0.85;0.25;1.39;6;1.59;6;1.19;;;0.4;2.99;1;5.99;;
11/8/2019 19:57:25;vunguyen@minerva.kgi.edu;Vu Luong;REWE;Yorckstrasse 78;1;2.49;1;2.99;1;1.99;1;1.89;1;0.99;1;1.69;0.65;2.49;1;1.69;0.5;0.99;1;0.99;1.5;2.49;2.5;1.99;1;0.39;;;;;0.5;2.89;1;1.99;;;0.5;0.55;1;1.29;1;1.39;0.2;2.39;0.25;1.99;0.25;1.59;6;2.29;6;2.89;6;1.99;0.4;4;0.35;3.59;;